-- phpMyAdmin SQL Dump
-- version 4.9.5deb2
-- https://www.phpmyadmin.net/
--
-- Host: localhost:3306
-- Generation Time: Feb 16, 2021 at 05:31 PM
-- Server version: 8.0.23-0ubuntu0.20.04.1
-- PHP Version: 7.4.3

SET SQL_MODE = "NO_AUTO_VALUE_ON_ZERO";
SET AUTOCOMMIT = 0;
START TRANSACTION;
SET time_zone = "+00:00";


/*!40101 SET @OLD_CHARACTER_SET_CLIENT=@@CHARACTER_SET_CLIENT */;
/*!40101 SET @OLD_CHARACTER_SET_RESULTS=@@CHARACTER_SET_RESULTS */;
/*!40101 SET @OLD_COLLATION_CONNECTION=@@COLLATION_CONNECTION */;
/*!40101 SET NAMES utf8mb4 */;

--
-- Database: `revisi_blanja`
--

-- --------------------------------------------------------

--
-- Table structure for table `address_customer`
--

CREATE TABLE `address_customer` (
  `id_address` int NOT NULL,
  `fullname` varchar(255) NOT NULL,
  `address` varchar(255) NOT NULL,
  `city` varchar(255) NOT NULL,
  `region` varchar(255) NOT NULL,
  `zip_code` varchar(255) NOT NULL,
  `country` varchar(255) NOT NULL,
  `id_user` int NOT NULL
) ENGINE=InnoDB DEFAULT CHARSET=latin1;

--
-- Dumping data for table `address_customer`
--

INSERT INTO `address_customer` (`id_address`, `fullname`, `address`, `city`, `region`, `zip_code`, `country`, `id_user`) VALUES
(69, 'Muhammad Shohib', 'Jl.Panjang yang berliku', 'Jakarta Utara', 'DKI Jakarta', '14045', 'Rumah', 13),
(70, 'Pratiwi Rudiansyah', 'Jl.Pluit Indah RT.001 RW.005 No.12', 'Jakarta Utara', 'DKI Jakarta', '14045', 'Kantor', 13);

-- --------------------------------------------------------

--
-- Table structure for table `categories`
--

CREATE TABLE `categories` (
  `id_categories` int NOT NULL,
  `category_name` varchar(255) CHARACTER SET latin1 NOT NULL,
  `category_photo` varchar(255) CHARACTER SET latin1 NOT NULL,
  `color_hexa` varchar(255) CHARACTER SET latin1 NOT NULL
) ENGINE=InnoDB DEFAULT CHARSET=utf8mb4 COLLATE=utf8mb4_general_ci;

--
-- Dumping data for table `categories`
--

INSERT INTO `categories` (`id_categories`, `category_name`, `category_photo`, `color_hexa`) VALUES
(4, 'Short', 'https://res.cloudinary.com/devloops7/image/upload/v1605447841/newBlanja/ShortCategory_czom62.png', '#1C3391'),
(5, 'Jacket', 'https://res.cloudinary.com/devloops7/image/upload/v1605447840/newBlanja/JacketCategory_jvjeee.png', '#F67B02'),
(9, 'T-Shirt', 'https://res.cloudinary.com/devloops7/image/upload/v1605447841/newBlanja/TshirtCategory_odymmz.png', '#CC0B04'),
(13, 'Shoes', 'https://res.cloudinary.com/dkgk85inv/image/upload/v1610439092/hiclipart_34_yuxtfw.png', '#57CD9E'),
(14, 'Pants', 'https://res.cloudinary.com/dkgk85inv/image/upload/v1610439282/hiclipart_26_anruas.png', '#E31F51');

-- --------------------------------------------------------

--
-- Table structure for table `colors`
--

CREATE TABLE `colors` (
  `id` int NOT NULL,
  `color_name` varchar(30) CHARACTER SET latin1 NOT NULL,
  `color_hexa` varchar(10) CHARACTER SET latin1 NOT NULL
) ENGINE=InnoDB DEFAULT CHARSET=utf8mb4 COLLATE=utf8mb4_general_ci;

--
-- Dumping data for table `colors`
--

INSERT INTO `colors` (`id`, `color_name`, `color_hexa`) VALUES
(1, 'Blue', '#0000FF'),
(2, 'Red', '#FF0000'),
(3, 'Black', '#000000'),
(4, 'Green', '#42D86C');

-- --------------------------------------------------------

--
-- Table structure for table `conditions`
--

CREATE TABLE `conditions` (
  `id` int NOT NULL,
  `conditions` varchar(10) CHARACTER SET latin1 NOT NULL
) ENGINE=InnoDB DEFAULT CHARSET=utf8mb4 COLLATE=utf8mb4_general_ci;

--
-- Dumping data for table `conditions`
--

INSERT INTO `conditions` (`id`, `conditions`) VALUES
(1, 'New'),
(2, 'Second');

-- --------------------------------------------------------

--
-- Table structure for table `customer_detail`
--

CREATE TABLE `customer_detail` (
  `id` int NOT NULL,
  `full_name` varchar(255) NOT NULL,
  `email` varchar(255) NOT NULL,
  `phone` int NOT NULL,
  `gender` varchar(11) NOT NULL,
  `date_of_birth` varchar(255) NOT NULL,
  `user_id` int NOT NULL
) ENGINE=InnoDB DEFAULT CHARSET=latin1;

-- --------------------------------------------------------

--
-- Table structure for table `levels`
--

CREATE TABLE `levels` (
  `id` int NOT NULL,
  `level` varchar(255) NOT NULL
) ENGINE=InnoDB DEFAULT CHARSET=latin1;

--
-- Dumping data for table `levels`
--

INSERT INTO `levels` (`id`, `level`) VALUES
(1, 'customer'),
(2, 'seller');

-- --------------------------------------------------------

--
-- Table structure for table `orders`
--

CREATE TABLE `orders` (
  `id` int NOT NULL,
  `transaction_code` int NOT NULL,
  `total` int NOT NULL,
  `user_id` int NOT NULL,
  `seller_id` int DEFAULT NULL,
  `id_address` int NOT NULL,
  `status_order` set('On Process','Delivery','Delivered') CHARACTER SET latin1 NOT NULL DEFAULT 'On Process',
  `created_at` datetime NOT NULL DEFAULT CURRENT_TIMESTAMP,
  `updated_at` datetime NOT NULL DEFAULT CURRENT_TIMESTAMP ON UPDATE CURRENT_TIMESTAMP
) ENGINE=InnoDB DEFAULT CHARSET=utf8mb4 COLLATE=utf8mb4_general_ci;

--
-- Dumping data for table `orders`
--

INSERT INTO `orders` (`id`, `transaction_code`, `total`, `user_id`, `seller_id`, `id_address`, `status_order`, `created_at`) VALUES
(1190, 6850, 300000, 13, 14, 10, 'On Process', '2021-02-10 23:23:36'),
(1191, 63073, 300000, 13, 14, 10, 'On Process', '2021-02-11 11:01:19'),
(1192, 88043, 150000, 13, 14, 10, 'On Process', '2021-02-11 11:45:12'),
(1193, 84569, 300000, 13, 14, 10, 'On Process', '2021-02-11 11:49:19'),
(1194, 70948, 750000, 13, 14, 10, 'On Process', '2021-02-11 11:50:56'),
(1195, 20914, 150000, 13, 14, 10, 'On Process', '2021-02-11 11:55:44'),
(1196, 72287, 750000, 13, 14, 10, 'On Process', '2021-02-11 11:56:53'),
(1197, 64676, 750000, 13, 14, 10, 'On Process', '2021-02-11 11:59:52'),
(1198, 5633, 1500000, 13, 14, 10, 'On Process', '2021-02-11 12:01:02'),
(1199, 19160, 750000, 13, 14, 10, 'On Process', '2021-02-11 12:02:12'),
(1200, 25647, 750000, 13, 14, 10, 'On Process', '2021-02-11 12:04:54'),
(1201, 89090, 150000, 13, 14, 10, 'On Process', '2021-02-11 12:13:10'),
(1202, 52721, 250000, 13, 14, 10, 'On Process', '2021-02-15 00:56:06'),
(1203, 382, 300000, 13, 14, 10, 'On Process', '2021-02-15 00:58:27'),
(1204, 57928, 300000, 13, 14, 10, 'On Process', '2021-02-15 01:01:24'),
(1205, 57928, 300000, 13, 14, 10, 'On Process', '2021-02-15 01:02:28'),
(1206, 68007, 130000, 13, 14, 69, 'On Process', '2021-02-15 23:43:31');

-- --------------------------------------------------------

--
-- Table structure for table `order_details`
--

CREATE TABLE `order_details` (
  `order_id` int NOT NULL,
  `product_id` int NOT NULL,
  `product_qty` int NOT NULL,
  `sub_total_item` int NOT NULL
) ENGINE=InnoDB DEFAULT CHARSET=latin1;

--
-- Dumping data for table `order_details`
--

INSERT INTO `order_details` (`order_id`, `product_id`, `product_qty`, `sub_total_item`) VALUES
(22, 1, 2, 6000),
(22, 2, 3, 15000),
(23, 7, 5, 35000),
(23, 2, 3, 15000),
(23, 10, 3, 30000),
(24, 9, 5, 35000),
(24, 2, 3, 15000),
(25, 44, 1, 550000),
(26, 36, 5, 400000),
(27, 33, 2, 360000),
(28, 30, 1, 150000),
(29, 30, 1, 150000),
(30, 30, 1, 150000),
(31, 30, 1, 150000),
(32, 32, 5, 100000),
(33, 36, 3, 240000),
(34, 36, 3, 240000),
(34, 33, 2, 360000),
(35, 30, 3, 450000),
(36, 36, 1, 80000),
(37, 36, 1, 80000),
(38, 32, 1, 20000),
(39, 36, 2, 160000),
(40, 37, 1, 80000),
(41, 35, 1, 80000),
(42, 31, 2, 240000),
(43, 33, 1, 180000),
(44, 33, 1, 180000),
(45, 42, 4, 400000),
(46, 33, 3, 540000),
(47, 30, 3, 450000),
(48, 35, 2, 160000),
(49, 30, 2, 300000),
(49, 35, 2, 160000),
(50, 43, 2, 400000),
(50, 33, 2, 360000),
(51, 32, 5, 100000),
(51, 35, 3, 240000),
(52, 30, 2, 300000),
(52, 33, 3, 540000),
(53, 44, 3, 1350000),
(54, 33, 5, 900000),
(54, 30, 3, 450000),
(55, 31, 1, 120000),
(56, 36, 3, 240000),
(57, 31, 2, 6000),
(57, 32, 3, 15000),
(58, 31, 2, 6000),
(58, 32, 3, 15000),
(59, 31, 2, 240000),
(59, 37, 3, 240000),
(60, 37, 1, 80000),
(61, 31, 5, 600000),
(61, 37, 3, 240000),
(61, 38, 4, 320000),
(62, 31, 3, 360000),
(63, 1, 2, 6000),
(63, 2, 3, 15000),
(64, 1, 2, 6000),
(64, 2, 3, 15000),
(65, 31, 2, 6000),
(65, 32, 3, 15000),
(66, 31, 2, 6000),
(66, 32, 3, 15000),
(67, 68, 2, 200000),
(67, 31, 1, 120000),
(68, 31, 2, 240000),
(69, 31, 1, 120000),
(70, 70, 1, 1000000),
(71, 76, 2, 300000),
(72, 76, 2, 300000),
(73, 76, 2, 300000),
(74, 76, 2, 300000),
(75, 76, 2, 300000),
(76, 76, 2, 300000),
(77, 76, 2, 300000),
(78, 76, 2, 300000),
(79, 76, 2, 300000),
(80, 76, 2, 300000),
(81, 76, 2, 300000),
(82, 76, 2, 300000),
(83, 76, 2, 300000),
(84, 76, 2, 300000),
(85, 76, 2, 300000),
(86, 76, 2, 300000),
(87, 76, 2, 300000),
(88, 76, 2, 300000),
(89, 76, 2, 300000),
(90, 76, 2, 300000),
(91, 76, 2, 300000),
(92, 76, 2, 300000),
(93, 76, 2, 300000),
(94, 76, 2, 300000),
(95, 76, 2, 300000),
(96, 76, 2, 300000),
(97, 76, 2, 300000),
(98, 76, 2, 300000),
(99, 76, 2, 300000),
(100, 76, 2, 300000),
(101, 76, 2, 300000),
(102, 76, 2, 300000),
(103, 76, 2, 300000),
(104, 76, 2, 300000),
(105, 76, 2, 300000),
(106, 76, 2, 300000),
(107, 76, 2, 300000),
(108, 76, 2, 300000),
(109, 76, 2, 300000),
(110, 76, 2, 300000),
(111, 76, 2, 300000),
(112, 76, 2, 300000),
(113, 76, 2, 300000),
(114, 76, 2, 300000),
(115, 76, 2, 300000),
(116, 76, 2, 300000),
(117, 76, 2, 300000),
(118, 76, 2, 300000),
(119, 76, 2, 300000),
(120, 76, 2, 300000),
(121, 76, 2, 300000),
(122, 76, 2, 300000),
(123, 76, 2, 300000),
(124, 76, 2, 300000),
(125, 76, 2, 300000),
(126, 76, 2, 300000),
(127, 76, 2, 300000),
(128, 76, 2, 300000),
(129, 76, 2, 300000),
(130, 76, 2, 300000),
(131, 76, 2, 300000),
(132, 76, 2, 300000),
(133, 76, 2, 300000),
(134, 76, 2, 300000),
(135, 76, 2, 300000),
(136, 76, 2, 300000),
(137, 76, 2, 300000),
(138, 76, 2, 300000),
(139, 76, 2, 300000),
(140, 76, 2, 300000),
(141, 76, 2, 300000),
(142, 76, 2, 300000),
(143, 76, 2, 300000),
(144, 76, 2, 300000),
(145, 76, 2, 300000),
(146, 76, 2, 300000),
(147, 76, 2, 300000),
(148, 76, 2, 300000),
(149, 76, 2, 300000),
(150, 76, 2, 300000),
(151, 76, 2, 300000),
(152, 76, 2, 300000),
(153, 76, 2, 300000),
(154, 76, 2, 300000),
(155, 76, 2, 300000),
(156, 76, 2, 300000),
(157, 76, 2, 300000),
(158, 76, 2, 300000),
(159, 76, 2, 300000),
(160, 76, 2, 300000),
(161, 76, 2, 300000),
(162, 76, 2, 300000),
(163, 76, 2, 300000),
(164, 76, 2, 300000),
(165, 76, 2, 300000),
(166, 76, 2, 300000),
(167, 76, 2, 300000),
(168, 76, 2, 300000),
(169, 76, 2, 300000),
(170, 76, 2, 300000),
(171, 76, 2, 300000),
(172, 76, 2, 300000),
(173, 76, 2, 300000),
(174, 76, 2, 300000),
(175, 76, 2, 300000),
(176, 76, 2, 300000),
(177, 76, 2, 300000),
(178, 76, 2, 300000),
(179, 76, 2, 300000),
(180, 76, 2, 300000),
(181, 76, 2, 300000),
(182, 76, 2, 300000),
(183, 76, 2, 300000),
(184, 76, 2, 300000),
(185, 76, 2, 300000),
(186, 76, 2, 300000),
(187, 76, 2, 300000),
(188, 76, 2, 300000),
(189, 76, 2, 300000),
(190, 76, 2, 300000),
(191, 76, 2, 300000),
(192, 76, 2, 300000),
(193, 76, 2, 300000),
(194, 76, 2, 300000),
(195, 76, 2, 300000),
(196, 76, 2, 300000),
(197, 76, 2, 300000),
(198, 76, 2, 300000),
(199, 76, 2, 300000),
(200, 76, 2, 300000),
(201, 76, 2, 300000),
(202, 76, 2, 300000),
(203, 76, 2, 300000),
(204, 76, 2, 300000),
(205, 76, 2, 300000),
(206, 76, 2, 300000),
(207, 76, 2, 300000),
(208, 76, 2, 300000),
(209, 76, 2, 300000),
(210, 76, 2, 300000),
(211, 76, 2, 300000),
(212, 76, 2, 300000),
(213, 76, 2, 300000),
(214, 76, 2, 300000),
(215, 76, 2, 300000),
(216, 76, 2, 300000),
(217, 76, 2, 300000),
(218, 76, 2, 300000),
(219, 76, 2, 300000),
(220, 76, 2, 300000),
(221, 76, 2, 300000),
(222, 76, 2, 300000),
(223, 76, 2, 300000),
(224, 76, 2, 300000),
(225, 76, 2, 300000),
(226, 76, 2, 300000),
(227, 76, 2, 300000),
(228, 76, 2, 300000),
(229, 76, 2, 300000),
(230, 76, 2, 300000),
(231, 76, 2, 300000),
(232, 76, 2, 300000),
(233, 76, 2, 300000),
(234, 76, 2, 300000),
(235, 76, 2, 300000),
(236, 76, 2, 300000),
(237, 76, 2, 300000),
(238, 76, 2, 300000),
(239, 76, 2, 300000),
(240, 76, 2, 300000),
(241, 76, 2, 300000),
(242, 76, 2, 300000),
(243, 76, 2, 300000),
(244, 76, 2, 300000),
(245, 76, 2, 300000),
(246, 76, 2, 300000),
(247, 76, 2, 300000),
(248, 76, 2, 300000),
(249, 76, 2, 300000),
(250, 76, 2, 300000),
(251, 76, 2, 300000),
(252, 76, 2, 300000),
(253, 76, 2, 300000),
(254, 76, 2, 300000),
(255, 76, 2, 300000),
(256, 76, 2, 300000),
(257, 76, 2, 300000),
(258, 76, 2, 300000),
(259, 76, 2, 300000),
(260, 76, 2, 300000),
(261, 76, 2, 300000),
(262, 76, 2, 300000),
(263, 76, 2, 300000),
(264, 76, 2, 300000),
(265, 76, 2, 300000),
(266, 76, 2, 300000),
(267, 76, 2, 300000),
(268, 76, 2, 300000),
(269, 76, 2, 300000),
(270, 76, 2, 300000),
(271, 76, 2, 300000),
(272, 76, 2, 300000),
(273, 76, 2, 300000),
(274, 76, 2, 300000),
(275, 76, 2, 300000),
(276, 76, 2, 300000),
(277, 76, 2, 300000),
(278, 76, 2, 300000),
(279, 76, 2, 300000),
(280, 76, 2, 300000),
(281, 76, 2, 300000),
(282, 76, 2, 300000),
(283, 76, 2, 300000),
(284, 76, 2, 300000),
(285, 76, 2, 300000),
(286, 76, 2, 300000),
(287, 76, 2, 300000),
(288, 76, 2, 300000),
(289, 76, 2, 300000),
(290, 76, 2, 300000),
(291, 76, 2, 300000),
(292, 76, 2, 300000),
(293, 76, 2, 300000),
(294, 76, 2, 300000),
(295, 76, 2, 300000),
(296, 76, 2, 300000),
(297, 76, 2, 300000),
(298, 76, 2, 300000),
(299, 76, 2, 300000),
(300, 76, 2, 300000),
(301, 76, 2, 300000),
(302, 76, 2, 300000),
(303, 76, 2, 300000),
(304, 76, 2, 300000),
(305, 76, 2, 300000),
(306, 76, 2, 300000),
(307, 76, 2, 300000),
(308, 76, 2, 300000),
(309, 76, 2, 300000),
(310, 76, 2, 300000),
(311, 76, 2, 300000),
(312, 76, 2, 300000),
(313, 76, 2, 300000),
(314, 76, 2, 300000),
(315, 76, 2, 300000),
(316, 76, 2, 300000),
(317, 76, 2, 300000),
(318, 76, 2, 300000),
(319, 76, 2, 300000),
(320, 76, 2, 300000),
(321, 76, 2, 300000),
(322, 76, 2, 300000),
(323, 76, 2, 300000),
(324, 76, 2, 300000),
(325, 76, 2, 300000),
(326, 76, 2, 300000),
(327, 76, 2, 300000),
(328, 76, 2, 300000),
(329, 76, 2, 300000),
(330, 76, 2, 300000),
(331, 76, 2, 300000),
(332, 76, 2, 300000),
(333, 76, 2, 300000),
(334, 76, 2, 300000),
(335, 76, 2, 300000),
(336, 76, 2, 300000),
(337, 76, 2, 300000),
(338, 76, 2, 300000),
(339, 76, 2, 300000),
(340, 76, 2, 300000),
(341, 76, 2, 300000),
(342, 76, 2, 300000),
(343, 76, 2, 300000),
(344, 76, 2, 300000),
(345, 76, 2, 300000),
(346, 76, 2, 300000),
(347, 76, 2, 300000),
(348, 76, 2, 300000),
(349, 76, 2, 300000),
(350, 76, 2, 300000),
(351, 76, 2, 300000),
(352, 76, 2, 300000),
(353, 76, 2, 300000),
(354, 76, 2, 300000),
(355, 76, 2, 300000),
(356, 76, 2, 300000),
(357, 76, 2, 300000),
(358, 76, 2, 300000),
(359, 76, 2, 300000),
(360, 76, 2, 300000),
(361, 76, 2, 300000),
(362, 76, 2, 300000),
(363, 76, 2, 300000),
(364, 76, 2, 300000),
(365, 76, 2, 300000),
(366, 76, 2, 300000),
(367, 76, 2, 300000),
(368, 76, 2, 300000),
(369, 76, 2, 300000),
(370, 76, 2, 300000),
(371, 76, 2, 300000),
(372, 76, 2, 300000),
(373, 76, 2, 300000),
(374, 76, 2, 300000),
(375, 76, 2, 300000),
(376, 76, 2, 300000),
(377, 76, 2, 300000),
(378, 76, 2, 300000),
(379, 76, 2, 300000),
(380, 76, 2, 300000),
(381, 76, 2, 300000),
(382, 76, 2, 300000),
(383, 76, 2, 300000),
(384, 76, 2, 300000),
(385, 76, 2, 300000),
(386, 76, 2, 300000),
(387, 76, 2, 300000),
(388, 76, 2, 300000),
(389, 76, 2, 300000),
(390, 76, 2, 300000),
(391, 76, 2, 300000),
(392, 76, 2, 300000),
(393, 76, 2, 300000),
(394, 76, 2, 300000),
(395, 76, 2, 300000),
(396, 76, 2, 300000),
(397, 76, 2, 300000),
(398, 76, 2, 300000),
(399, 76, 2, 300000),
(400, 76, 2, 300000),
(401, 76, 2, 300000),
(402, 76, 2, 300000),
(403, 76, 2, 300000),
(404, 76, 2, 300000),
(405, 76, 2, 300000),
(406, 76, 2, 300000),
(407, 76, 2, 300000),
(408, 76, 2, 300000),
(409, 76, 2, 300000),
(410, 76, 2, 300000),
(411, 76, 2, 300000),
(412, 76, 2, 300000),
(413, 76, 2, 300000),
(414, 76, 2, 300000),
(415, 76, 2, 300000),
(416, 76, 2, 300000),
(417, 76, 2, 300000),
(418, 76, 2, 300000),
(419, 76, 2, 300000),
(420, 76, 2, 300000),
(421, 76, 2, 300000),
(422, 76, 2, 300000),
(423, 76, 2, 300000),
(424, 76, 2, 300000),
(425, 76, 2, 300000),
(426, 76, 2, 300000),
(427, 76, 2, 300000),
(428, 76, 2, 300000),
(429, 76, 2, 300000),
(430, 76, 2, 300000),
(431, 76, 2, 300000),
(432, 76, 2, 300000),
(433, 76, 2, 300000),
(434, 76, 2, 300000),
(435, 76, 2, 300000),
(436, 76, 2, 300000),
(437, 76, 2, 300000),
(438, 76, 2, 300000),
(439, 76, 2, 300000),
(440, 76, 2, 300000),
(441, 76, 2, 300000),
(442, 76, 2, 300000),
(443, 76, 2, 300000),
(444, 76, 2, 300000),
(445, 76, 2, 300000),
(446, 76, 2, 300000),
(447, 76, 2, 300000),
(448, 76, 2, 300000),
(449, 76, 2, 300000),
(450, 76, 2, 300000),
(451, 76, 2, 300000),
(452, 76, 2, 300000),
(453, 76, 2, 300000),
(454, 76, 2, 300000),
(455, 76, 2, 300000),
(456, 76, 2, 300000),
(457, 76, 2, 300000),
(458, 76, 2, 300000),
(459, 76, 2, 300000),
(460, 76, 2, 300000),
(461, 76, 2, 300000),
(462, 76, 2, 300000),
(463, 76, 2, 300000),
(464, 76, 2, 300000),
(465, 76, 2, 300000),
(466, 76, 2, 300000),
(467, 76, 2, 300000),
(468, 76, 2, 300000),
(469, 76, 2, 300000),
(470, 76, 2, 300000),
(471, 76, 2, 300000),
(472, 76, 2, 300000),
(473, 76, 2, 300000),
(474, 76, 2, 300000),
(475, 76, 2, 300000),
(476, 76, 2, 300000),
(477, 76, 2, 300000),
(478, 76, 2, 300000),
(479, 76, 2, 300000),
(480, 76, 2, 300000),
(481, 76, 2, 300000),
(482, 76, 2, 300000),
(483, 76, 2, 300000),
(484, 76, 2, 300000),
(485, 76, 2, 300000),
(486, 76, 2, 300000),
(487, 76, 2, 300000),
(488, 76, 2, 300000),
(489, 76, 2, 300000),
(490, 76, 2, 300000),
(491, 76, 2, 300000),
(492, 76, 2, 300000),
(493, 76, 2, 300000),
(494, 76, 2, 300000),
(495, 76, 2, 300000),
(496, 76, 2, 300000),
(497, 76, 2, 300000),
(498, 76, 2, 300000),
(499, 76, 2, 300000),
(500, 76, 2, 300000),
(501, 76, 2, 300000),
(502, 76, 2, 300000),
(503, 76, 2, 300000),
(504, 76, 2, 300000),
(505, 76, 2, 300000),
(506, 76, 2, 300000),
(507, 76, 2, 300000),
(508, 76, 2, 300000),
(509, 76, 2, 300000),
(510, 76, 2, 300000),
(511, 76, 2, 300000),
(512, 76, 2, 300000),
(513, 76, 2, 300000),
(514, 76, 2, 300000),
(515, 76, 2, 300000),
(516, 76, 2, 300000),
(517, 76, 2, 300000),
(518, 76, 2, 300000),
(519, 76, 2, 300000),
(520, 76, 2, 300000),
(521, 76, 2, 300000),
(522, 76, 2, 300000),
(523, 76, 2, 300000),
(524, 76, 2, 300000),
(525, 76, 2, 300000),
(526, 76, 2, 300000),
(527, 76, 2, 300000),
(528, 76, 2, 300000),
(529, 76, 2, 300000),
(530, 76, 2, 300000),
(531, 76, 2, 300000),
(532, 76, 2, 300000),
(533, 76, 2, 300000),
(534, 76, 2, 300000),
(535, 76, 2, 300000),
(536, 76, 2, 300000),
(537, 76, 2, 300000),
(538, 76, 2, 300000),
(539, 76, 2, 300000),
(540, 76, 2, 300000),
(541, 76, 2, 300000),
(542, 76, 2, 300000),
(543, 76, 2, 300000),
(544, 76, 2, 300000),
(545, 76, 2, 300000),
(546, 76, 2, 300000),
(547, 76, 2, 300000),
(548, 76, 2, 300000),
(549, 76, 2, 300000),
(550, 76, 2, 300000),
(551, 76, 2, 300000),
(552, 76, 2, 300000),
(553, 76, 2, 300000),
(554, 76, 2, 300000),
(555, 76, 2, 300000),
(556, 76, 2, 300000),
(557, 76, 2, 300000),
(558, 76, 2, 300000),
(559, 76, 2, 300000),
(560, 76, 2, 300000),
(561, 76, 2, 300000),
(562, 76, 2, 300000),
(563, 76, 2, 300000),
(564, 76, 2, 300000),
(565, 76, 2, 300000),
(566, 76, 2, 300000),
(567, 76, 2, 300000),
(568, 76, 2, 300000),
(569, 76, 2, 300000),
(570, 76, 2, 300000),
(571, 76, 2, 300000),
(572, 76, 2, 300000),
(573, 76, 2, 300000),
(574, 76, 2, 300000),
(575, 76, 2, 300000),
(576, 76, 2, 300000),
(577, 76, 2, 300000),
(578, 76, 2, 300000),
(579, 76, 2, 300000),
(580, 76, 2, 300000),
(581, 76, 2, 300000),
(582, 76, 2, 300000),
(583, 76, 2, 300000),
(584, 76, 2, 300000),
(585, 76, 2, 300000),
(586, 76, 2, 300000),
(587, 76, 2, 300000),
(588, 76, 2, 300000),
(589, 76, 2, 300000),
(590, 76, 2, 300000),
(591, 76, 2, 300000),
(592, 76, 2, 300000),
(593, 76, 2, 300000),
(594, 76, 2, 300000),
(595, 76, 2, 300000),
(596, 76, 2, 300000),
(597, 76, 2, 300000),
(598, 76, 2, 300000),
(599, 76, 2, 300000),
(600, 76, 2, 300000),
(601, 76, 2, 300000),
(602, 76, 2, 300000),
(603, 76, 2, 300000),
(604, 76, 2, 300000),
(605, 76, 2, 300000),
(606, 76, 2, 300000),
(607, 76, 2, 300000),
(608, 76, 2, 300000),
(609, 76, 2, 300000),
(610, 76, 2, 300000),
(611, 76, 2, 300000),
(612, 76, 2, 300000),
(613, 76, 2, 300000),
(614, 76, 2, 300000),
(615, 76, 2, 300000),
(616, 76, 2, 300000),
(617, 76, 2, 300000),
(618, 76, 2, 300000),
(619, 76, 2, 300000),
(620, 76, 2, 300000),
(621, 76, 2, 300000),
(622, 76, 2, 300000),
(623, 76, 2, 300000),
(624, 76, 2, 300000),
(625, 76, 2, 300000),
(626, 76, 2, 300000),
(627, 76, 2, 300000),
(628, 76, 2, 300000),
(629, 76, 2, 300000),
(630, 76, 2, 300000),
(631, 76, 2, 300000),
(632, 76, 2, 300000),
(633, 76, 2, 300000),
(634, 76, 2, 300000),
(635, 76, 2, 300000),
(636, 76, 2, 300000),
(637, 76, 2, 300000),
(638, 76, 2, 300000),
(639, 76, 2, 300000),
(640, 76, 2, 300000),
(641, 76, 2, 300000),
(642, 76, 2, 300000),
(643, 76, 2, 300000),
(644, 76, 2, 300000),
(645, 76, 2, 300000),
(646, 76, 2, 300000),
(647, 76, 2, 300000),
(648, 76, 2, 300000),
(649, 76, 2, 300000),
(650, 76, 2, 300000),
(651, 76, 2, 300000),
(652, 76, 2, 300000),
(653, 76, 2, 300000),
(654, 76, 2, 300000),
(655, 76, 2, 300000),
(656, 76, 2, 300000),
(657, 76, 2, 300000),
(658, 76, 2, 300000),
(659, 76, 2, 300000),
(660, 76, 2, 300000),
(661, 76, 2, 300000),
(662, 76, 2, 300000),
(663, 76, 2, 300000),
(664, 76, 2, 300000),
(665, 76, 2, 300000),
(666, 76, 2, 300000),
(667, 76, 2, 300000),
(668, 76, 2, 300000),
(669, 76, 2, 300000),
(670, 76, 2, 300000),
(671, 76, 2, 300000),
(672, 76, 2, 300000),
(673, 76, 2, 300000),
(674, 76, 2, 300000),
(675, 76, 2, 300000),
(676, 76, 2, 300000),
(677, 76, 2, 300000),
(678, 76, 2, 300000),
(679, 76, 2, 300000),
(680, 76, 2, 300000),
(681, 76, 2, 300000),
(682, 76, 2, 300000),
(683, 76, 2, 300000),
(684, 76, 2, 300000),
(685, 76, 2, 300000),
(686, 76, 2, 300000),
(687, 76, 2, 300000),
(688, 76, 2, 300000),
(689, 76, 2, 300000),
(690, 76, 2, 300000),
(691, 76, 2, 300000),
(692, 76, 2, 300000),
(693, 76, 2, 300000),
(694, 76, 2, 300000),
(695, 76, 2, 300000),
(696, 76, 2, 300000),
(697, 76, 2, 300000),
(698, 76, 2, 300000),
(699, 76, 2, 300000),
(700, 76, 2, 300000),
(701, 76, 2, 300000),
(702, 76, 2, 300000),
(703, 76, 2, 300000),
(704, 76, 2, 300000),
(705, 76, 2, 300000),
(706, 76, 2, 300000),
(707, 76, 2, 300000),
(708, 76, 2, 300000),
(709, 76, 2, 300000),
(710, 76, 2, 300000),
(711, 76, 2, 300000),
(712, 76, 2, 300000),
(713, 76, 2, 300000),
(714, 76, 2, 300000),
(715, 76, 2, 300000),
(716, 76, 2, 300000),
(717, 76, 2, 300000),
(718, 76, 2, 300000),
(719, 76, 2, 300000),
(720, 76, 2, 300000),
(721, 76, 2, 300000),
(722, 76, 2, 300000),
(723, 76, 2, 300000),
(724, 76, 2, 300000),
(725, 76, 2, 300000),
(726, 76, 2, 300000),
(727, 76, 2, 300000),
(728, 76, 2, 300000),
(729, 76, 2, 300000),
(730, 76, 2, 300000),
(731, 76, 2, 300000),
(732, 76, 2, 300000),
(733, 76, 2, 300000),
(734, 76, 2, 300000),
(735, 76, 2, 300000),
(736, 76, 2, 300000),
(737, 76, 2, 300000),
(738, 76, 2, 300000),
(739, 76, 2, 300000),
(740, 76, 2, 300000),
(741, 76, 2, 300000),
(742, 76, 2, 300000),
(743, 76, 2, 300000),
(744, 76, 2, 300000),
(745, 76, 2, 300000),
(746, 76, 2, 300000),
(747, 76, 2, 300000),
(748, 76, 2, 300000),
(749, 76, 2, 300000),
(750, 76, 2, 300000),
(751, 76, 2, 300000),
(752, 76, 2, 300000),
(753, 76, 2, 300000),
(754, 76, 2, 300000),
(755, 76, 2, 300000),
(756, 76, 2, 300000),
(757, 76, 2, 300000),
(758, 76, 2, 300000),
(759, 76, 2, 300000),
(760, 76, 2, 300000),
(761, 76, 2, 300000),
(762, 76, 2, 300000),
(763, 76, 2, 300000),
(764, 76, 2, 300000),
(765, 76, 2, 300000),
(766, 76, 2, 300000),
(767, 76, 2, 300000),
(768, 76, 2, 300000),
(769, 76, 2, 300000),
(770, 76, 2, 300000),
(771, 76, 2, 300000),
(772, 76, 2, 300000),
(773, 76, 2, 300000),
(774, 76, 2, 300000),
(775, 76, 2, 300000),
(776, 76, 2, 300000),
(777, 76, 2, 300000),
(778, 76, 2, 300000),
(779, 76, 2, 300000),
(780, 76, 2, 300000),
(781, 76, 2, 300000),
(782, 76, 2, 300000),
(783, 76, 2, 300000),
(784, 76, 2, 300000),
(785, 76, 2, 300000),
(786, 76, 2, 300000),
(787, 76, 2, 300000),
(788, 76, 2, 300000),
(789, 76, 2, 300000),
(790, 76, 2, 300000),
(791, 76, 2, 300000),
(792, 76, 2, 300000),
(793, 76, 2, 300000),
(794, 76, 2, 300000),
(795, 76, 2, 300000),
(796, 76, 2, 300000),
(797, 76, 2, 300000),
(798, 76, 2, 300000),
(799, 76, 2, 300000),
(800, 76, 2, 300000),
(801, 76, 2, 300000),
(802, 76, 2, 300000),
(803, 76, 2, 300000),
(804, 76, 2, 300000),
(805, 76, 2, 300000),
(806, 76, 2, 300000),
(807, 76, 2, 300000),
(808, 76, 2, 300000),
(809, 76, 2, 300000),
(810, 76, 2, 300000),
(811, 76, 2, 300000),
(812, 76, 2, 300000),
(813, 76, 2, 300000),
(814, 76, 2, 300000),
(815, 76, 2, 300000),
(816, 76, 2, 300000),
(817, 76, 2, 300000),
(818, 76, 2, 300000),
(819, 76, 2, 300000),
(820, 76, 2, 300000),
(821, 76, 2, 300000),
(822, 76, 2, 300000),
(823, 76, 2, 300000),
(824, 76, 2, 300000),
(825, 76, 2, 300000),
(826, 76, 2, 300000),
(827, 76, 2, 300000),
(828, 76, 2, 300000),
(829, 76, 2, 300000),
(830, 76, 2, 300000),
(831, 76, 2, 300000),
(832, 76, 2, 300000),
(833, 76, 2, 300000),
(834, 76, 2, 300000),
(835, 76, 2, 300000),
(836, 76, 2, 300000),
(837, 76, 2, 300000),
(838, 76, 2, 300000),
(839, 76, 2, 300000),
(840, 76, 2, 300000),
(841, 76, 2, 300000),
(842, 76, 2, 300000),
(843, 76, 2, 300000),
(844, 76, 2, 300000),
(845, 76, 2, 300000),
(846, 76, 2, 300000),
(847, 76, 2, 300000),
(848, 76, 2, 300000),
(849, 76, 2, 300000),
(850, 76, 2, 300000),
(851, 76, 2, 300000),
(852, 76, 2, 300000),
(853, 76, 2, 300000),
(854, 76, 2, 300000),
(855, 76, 2, 300000),
(856, 76, 2, 300000),
(857, 76, 2, 300000),
(858, 76, 2, 300000),
(859, 76, 2, 300000),
(860, 76, 2, 300000),
(861, 76, 2, 300000),
(862, 76, 2, 300000),
(863, 76, 2, 300000),
(864, 76, 2, 300000),
(865, 76, 2, 300000),
(866, 76, 2, 300000),
(867, 76, 2, 300000),
(868, 76, 2, 300000),
(869, 76, 2, 300000),
(870, 76, 2, 300000),
(871, 76, 2, 300000),
(872, 76, 2, 300000),
(873, 76, 2, 300000),
(874, 76, 2, 300000),
(875, 76, 2, 300000),
(876, 76, 2, 300000),
(877, 76, 2, 300000),
(878, 76, 2, 300000),
(879, 76, 2, 300000),
(880, 76, 2, 300000),
(881, 76, 2, 300000),
(882, 76, 2, 300000),
(883, 76, 2, 300000),
(884, 76, 2, 300000),
(885, 76, 2, 300000),
(886, 76, 2, 300000),
(887, 76, 2, 300000),
(888, 76, 2, 300000),
(889, 76, 2, 300000),
(890, 76, 2, 300000),
(891, 76, 2, 300000),
(892, 76, 2, 300000),
(893, 76, 2, 300000),
(894, 76, 2, 300000),
(895, 76, 2, 300000),
(896, 76, 2, 300000),
(897, 76, 2, 300000),
(898, 76, 2, 300000),
(899, 76, 2, 300000),
(900, 76, 2, 300000),
(901, 76, 2, 300000),
(902, 76, 2, 300000),
(903, 76, 2, 300000),
(904, 76, 2, 300000),
(905, 76, 2, 300000),
(906, 76, 2, 300000),
(907, 76, 2, 300000),
(908, 76, 2, 300000),
(909, 76, 2, 300000),
(910, 76, 2, 300000),
(911, 76, 2, 300000),
(912, 76, 2, 300000),
(913, 76, 2, 300000),
(914, 76, 2, 300000),
(915, 76, 2, 300000),
(916, 76, 2, 300000),
(917, 76, 2, 300000),
(918, 76, 2, 300000),
(919, 76, 2, 300000),
(920, 76, 2, 300000),
(921, 76, 2, 300000),
(922, 76, 2, 300000),
(923, 76, 2, 300000),
(924, 76, 2, 300000),
(925, 76, 2, 300000),
(926, 76, 2, 300000),
(927, 76, 2, 300000),
(928, 76, 2, 300000),
(929, 76, 2, 300000),
(930, 76, 2, 300000),
(931, 76, 2, 300000),
(932, 76, 2, 300000),
(933, 76, 2, 300000),
(934, 76, 2, 300000),
(935, 76, 2, 300000),
(936, 76, 2, 300000),
(937, 76, 2, 300000),
(938, 76, 2, 300000),
(939, 76, 2, 300000),
(940, 76, 2, 300000),
(941, 76, 2, 300000),
(942, 76, 2, 300000),
(943, 76, 2, 300000),
(944, 76, 2, 300000),
(945, 76, 2, 300000),
(946, 76, 2, 300000),
(947, 76, 2, 300000),
(948, 76, 2, 300000),
(949, 76, 2, 300000),
(950, 76, 2, 300000),
(951, 76, 2, 300000),
(952, 76, 2, 300000),
(953, 76, 2, 300000),
(954, 76, 2, 300000),
(955, 76, 2, 300000),
(956, 76, 2, 300000),
(957, 76, 2, 300000),
(958, 76, 2, 300000),
(959, 76, 2, 300000),
(960, 76, 2, 300000),
(961, 76, 2, 300000),
(962, 76, 2, 300000),
(963, 76, 2, 300000),
(964, 76, 2, 300000),
(965, 76, 2, 300000),
(966, 76, 2, 300000),
(967, 76, 2, 300000),
(968, 76, 2, 300000),
(969, 76, 2, 300000),
(970, 76, 2, 300000),
(971, 76, 2, 300000),
(972, 76, 2, 300000),
(973, 76, 2, 300000),
(974, 76, 2, 300000),
(975, 76, 2, 300000),
(976, 76, 2, 300000),
(977, 76, 2, 300000),
(978, 76, 2, 300000),
(979, 76, 2, 300000),
(980, 76, 2, 300000),
(981, 76, 2, 300000),
(982, 76, 2, 300000),
(983, 76, 2, 300000),
(984, 76, 2, 300000),
(985, 76, 2, 300000),
(986, 76, 2, 300000),
(987, 76, 2, 300000),
(988, 76, 2, 300000),
(989, 76, 2, 300000),
(990, 76, 2, 300000),
(991, 76, 2, 300000),
(992, 76, 2, 300000),
(993, 76, 2, 300000),
(994, 76, 2, 300000),
(995, 76, 2, 300000),
(996, 76, 2, 300000),
(997, 76, 2, 300000),
(998, 76, 2, 300000),
(999, 76, 2, 300000),
(1000, 76, 2, 300000),
(1001, 76, 2, 300000),
(1002, 76, 2, 300000),
(1003, 76, 2, 300000),
(1004, 76, 2, 300000),
(1005, 76, 2, 300000),
(1006, 76, 2, 300000),
(1007, 76, 2, 300000),
(1008, 76, 2, 300000),
(1009, 76, 2, 300000),
(1010, 76, 2, 300000),
(1011, 76, 2, 300000),
(1012, 76, 2, 300000),
(1013, 76, 2, 300000),
(1014, 76, 2, 300000),
(1015, 76, 2, 300000),
(1016, 76, 2, 300000),
(1017, 76, 2, 300000),
(1018, 76, 2, 300000),
(1019, 76, 2, 300000),
(1020, 76, 2, 300000),
(1021, 76, 2, 300000),
(1022, 76, 2, 300000),
(1023, 76, 2, 300000),
(1024, 76, 2, 300000),
(1025, 76, 2, 300000),
(1026, 76, 2, 300000),
(1027, 76, 2, 300000),
(1028, 76, 2, 300000),
(1029, 76, 2, 300000),
(1030, 76, 2, 300000),
(1031, 76, 2, 300000),
(1032, 76, 2, 300000),
(1033, 76, 2, 300000),
(1034, 76, 2, 300000),
(1035, 76, 2, 300000),
(1036, 76, 2, 300000),
(1037, 76, 2, 300000),
(1038, 76, 2, 300000),
(1039, 76, 2, 300000),
(1040, 76, 2, 300000),
(1041, 76, 2, 300000),
(1042, 76, 2, 300000),
(1043, 76, 2, 300000),
(1044, 76, 2, 300000),
(1045, 76, 2, 300000),
(1046, 76, 2, 300000),
(1047, 76, 2, 300000),
(1048, 76, 2, 300000),
(1049, 76, 2, 300000),
(1050, 76, 2, 300000),
(1051, 76, 2, 300000),
(1052, 76, 2, 300000),
(1053, 76, 2, 300000),
(1054, 76, 2, 300000),
(1055, 76, 2, 300000),
(1056, 76, 2, 300000),
(1057, 76, 2, 300000),
(1058, 76, 2, 300000),
(1059, 76, 2, 300000),
(1060, 76, 2, 300000),
(1061, 76, 2, 300000),
(1062, 76, 2, 300000),
(1063, 76, 2, 300000),
(1064, 76, 2, 300000),
(1065, 76, 2, 300000),
(1066, 76, 2, 300000),
(1067, 76, 2, 300000),
(1068, 76, 2, 300000),
(1069, 76, 2, 300000),
(1070, 76, 2, 300000),
(1071, 76, 2, 300000),
(1072, 76, 2, 300000),
(1073, 76, 2, 300000),
(1074, 76, 2, 300000),
(1075, 76, 2, 300000),
(1076, 76, 2, 300000),
(1077, 76, 2, 300000),
(1078, 76, 2, 300000),
(1079, 76, 2, 300000),
(1080, 76, 2, 300000),
(1081, 76, 2, 300000),
(1082, 76, 2, 300000),
(1083, 76, 2, 300000),
(1084, 76, 2, 300000),
(1085, 76, 2, 300000),
(1086, 76, 2, 300000),
(1087, 76, 2, 300000),
(1088, 76, 2, 300000),
(1089, 76, 2, 300000),
(1090, 76, 2, 300000),
(1091, 76, 2, 300000),
(1092, 76, 2, 300000),
(1093, 76, 2, 300000),
(1094, 76, 2, 300000),
(1095, 76, 2, 300000),
(1096, 76, 2, 300000),
(1097, 76, 2, 300000),
(1098, 76, 2, 300000),
(1099, 76, 2, 300000),
(1100, 76, 2, 300000),
(1101, 76, 2, 300000),
(1102, 76, 2, 300000),
(1103, 76, 2, 300000),
(1104, 76, 2, 300000),
(1105, 76, 2, 300000),
(1106, 76, 2, 300000),
(1107, 76, 2, 300000),
(1108, 76, 2, 300000),
(1109, 76, 2, 300000),
(1110, 76, 2, 300000),
(1111, 76, 2, 300000),
(1112, 76, 2, 300000),
(1113, 76, 2, 300000),
(1114, 76, 2, 300000),
(1115, 76, 2, 300000),
(1116, 76, 2, 300000),
(1117, 76, 2, 300000),
(1118, 76, 2, 300000),
(1119, 76, 2, 300000),
(1120, 76, 2, 300000),
(1121, 76, 2, 300000),
(1122, 76, 2, 300000),
(1123, 76, 2, 300000),
(1124, 76, 2, 300000),
(1125, 76, 2, 300000),
(1126, 76, 2, 300000),
(1127, 76, 2, 300000),
(1128, 76, 2, 300000),
(1129, 76, 2, 300000),
(1130, 76, 2, 300000),
(1131, 76, 2, 300000),
(1132, 76, 2, 300000),
(1133, 76, 2, 300000),
(1134, 76, 2, 300000),
(1135, 76, 2, 300000),
(1136, 76, 2, 300000),
(1137, 76, 2, 300000),
(1138, 76, 2, 300000),
(1139, 76, 2, 300000),
(1140, 76, 2, 300000),
(1141, 76, 2, 300000),
(1142, 76, 2, 300000),
(1143, 76, 2, 300000),
(1144, 76, 2, 300000),
(1145, 76, 2, 300000),
(1146, 76, 2, 300000),
(1147, 76, 2, 300000),
(1148, 76, 2, 300000),
(1149, 76, 2, 300000),
(1150, 76, 2, 300000),
(1151, 76, 2, 300000),
(1152, 76, 2, 300000),
(1153, 76, 2, 300000),
(1154, 76, 2, 300000),
(1155, 76, 2, 300000),
(1156, 76, 2, 300000),
(1157, 76, 2, 300000),
(1158, 76, 2, 300000),
(1159, 76, 2, 300000),
(1160, 76, 2, 300000),
(1161, 76, 2, 300000),
(1162, 76, 2, 300000),
(1163, 76, 2, 300000),
(1164, 76, 2, 300000),
(1165, 76, 2, 300000),
(1172, 74, 2, 1500000),
(1172, 76, 2, 300000),
(1173, 74, 2, 1500000),
(1173, 76, 2, 300000),
(1174, 74, 2, 1500000),
(1174, 76, 2, 300000),
(1175, 74, 2, 1500000),
(1175, 76, 2, 300000),
(1176, 74, 2, 1500000),
(1176, 76, 2, 300000),
(1177, 74, 2, 1500000),
(1177, 76, 2, 300000),
(1178, 74, 2, 1500000),
(1178, 76, 2, 300000),
(1179, 74, 2, 1500000),
(1179, 76, 2, 300000),
(1180, 74, 2, 1500000),
(1180, 76, 2, 300000),
(1181, 74, 2, 1500000),
(1181, 76, 2, 300000),
(1182, 74, 2, 1500000),
(1182, 76, 2, 300000),
(1183, 74, 2, 1500000),
(1183, 76, 2, 300000),
(1184, 76, 1, 150000),
(1185, 74, 2, 1500000),
(1186, 76, 1, 150000),
(1187, 76, 1, 150000),
(1188, 74, 2, 1500000),
(1189, 76, 2, 300000),
(1190, 76, 2, 300000),
(1191, 76, 2, 300000),
(1192, 76, 1, 150000),
(1193, 76, 2, 300000),
(1194, 74, 1, 750000),
(1195, 76, 1, 150000),
(1196, 74, 1, 750000),
(1197, 74, 1, 750000),
(1198, 74, 2, 1500000),
(1199, 74, 1, 750000),
(1200, 74, 1, 750000),
(1201, 76, 1, 150000),
(1202, 81, 1, 250000),
(1203, 76, 2, 300000),
(1204, 76, 2, 300000),
(1205, 76, 2, 300000),
(1206, 80, 1, 130000);

-- --------------------------------------------------------

--
-- Table structure for table `otp_reset`
--

CREATE TABLE `otp_reset` (
  `id` int NOT NULL,
  `email` varchar(255) NOT NULL,
  `otp` varchar(255) NOT NULL
) ENGINE=InnoDB DEFAULT CHARSET=latin1;

--
-- Dumping data for table `otp_reset`
--

INSERT INTO `otp_reset` (`id`, `email`, `otp`) VALUES
(1, 'haemahe@gmail.com', 'yUESkV');

-- --------------------------------------------------------

--
-- Table structure for table `products`
--

CREATE TABLE `products` (
  `id` int NOT NULL,
  `product_name` varchar(255) CHARACTER SET latin1 NOT NULL,
  `category_id` int NOT NULL,
  `condition_id` int NOT NULL,
  `product_price` int NOT NULL,
  `product_qty` int NOT NULL,
  `product_desc` text CHARACTER SET latin1 NOT NULL,
  `product_photo` text CHARACTER SET latin1 NOT NULL,
  `user_id` int NOT NULL,
  `status_product_id` int NOT NULL,
  `created_at` datetime NOT NULL DEFAULT CURRENT_TIMESTAMP,
  `updated_at` datetime NOT NULL DEFAULT CURRENT_TIMESTAMP ON UPDATE CURRENT_TIMESTAMP
) ENGINE=InnoDB DEFAULT CHARSET=utf8mb4 COLLATE=utf8mb4_general_ci;

--
-- Dumping data for table `products`
--

INSERT INTO `products` (`id`, `product_name`, `category_id`, `condition_id`, `product_price`, `product_qty`, `product_desc`, `product_photo`, `user_id`, `status_product_id`, `created_at`) VALUES
(74, 'DC Shoes McFlurry', 13, 1, 750000, 12, 'Shoes Brand Local Lorem ipsum dolor sit amet, consectetur adipiscing elit. Nulla efficitur tellus at vulputate varius. Suspendisse at pulvinar ex. Vestibulum libero justo, vehicula ut auctor a, pharetra non turpis. Donec sit amet tempus ex. Proin pulvinar sagittis ante sed convallis. Integer vestibulum at libero ut ultricies. Vivamus a sagittis lorem. Fusce consectetur urna mi, ac aliquet libero gravida quis. Integer tincidunt libero eros, vitae porttitor erat suscipit vitae. Proin vulputate diam non vulputate venenatis. Pellentesque condimentum pharetra nisi, sed congue magna dignissim sed. Aliquam tincidunt dapibus consectetur. Suspendisse ullamcorper ligula sapien, sit amet sagittis est suscipit nec. Ut porta turpis facilisis mauris congue, eu ultrices dui convallis. Nullam venenatis mattis arcu, vel molestie est tincidunt vitae.', '[\"http://192.168.1.10:2005/image/1612776269937-image.jpg \",\"http://192.168.1.10:2005/image/1612776269940-image.jpg \",\"http://192.168.1.10:2005/image/1612776270066-image.jpg \"]', 14, 3, '2021-02-08 16:24:30'),
(76, 'RSCH Neuvy Type', 9, 1, 150000, 10, 'T-Shirt Brand Local Lorem ipsum dolor sit amet, consectetur adipiscing elit. Nulla efficitur tellus at vulputate varius. Suspendisse at pulvinar ex. Vestibulum libero justo, vehicula ut auctor a, pharetra non turpis. Donec sit amet tempus ex. Proin pulvinar sagittis ante sed convallis. Integer vestibulum at libero ut ultricies. Vivamus a sagittis lorem. Fusce consectetur urna mi, ac aliquet libero gravida quis. Integer tincidunt libero eros, vitae porttitor erat suscipit vitae. Proin vulputate diam non vulputate venenatis. Pellentesque condimentum pharetra nisi, sed congue magna dignissim sed. Aliquam tincidunt dapibus consectetur. Suspendisse ullamcorper ligula sapien, sit amet sagittis est suscipit nec. Ut porta turpis facilisis mauris congue, eu ultrices dui convallis. Nullam venenatis mattis arcu, vel molestie est tincidunt vitae.', '[\"http://192.168.1.10:2005/image/1612789808925-image.jpg \",\"http://192.168.1.10:2005/image/1612789808932-image.jpeg \",\"http://192.168.1.10:2005/image/1612789808934-image.jpeg \"]', 14, 3, '2021-02-08 20:10:08'),
(79, 'Jacket women', 5, 1, 125000, 10, 'Jacket original khas anak muda', '[\"http://localhost:2005/image/1613391997744-image.png \",\"http://localhost:2005/image/1613391997807-image.jpg \",\"http://localhost:2005/image/1613391997819-image.jpg \"]', 14, 3, '2021-02-13 01:21:56'),
(80, 'Chino Pants', 14, 1, 130000, 10, 'Celana Chino karya anak bangsa Bahan adem berkualitas', '[\"http://192.168.1.10:2005/image/1613160424002-image.jpg \",\"http://192.168.1.10:2005/image/1613160424013-image.jpg \",\"http://192.168.1.10:2005/image/1613160424018-image.jpg \"]', 14, 3, '2021-02-13 03:07:04'),
(81, 'Mcflurry short', 4, 1, 250000, 13, 'Celana pendek berkualitas tinggi dengan cita rasa yang menakjubkan untuk dipakai, diproduksi oleh karya anak bangsa.', '[\"http://192.168.1.10:2005/image/1613192326526-image.jpg \",\"http://192.168.1.10:2005/image/1613192326530-image.jpeg \",\"http://192.168.1.10:2005/image/1613192326536-image.jpg \"]', 14, 3, '2021-02-13 11:58:46'),
(82, 'Celana Pantai Converse', 4, 1, 100000, 10, 'Celana pantai converse bahan adem.', '[\"http://192.168.1.10:2005/image/1613321637326-image.png \",\"http://192.168.1.10:2005/image/1613321637339-image.png \",\"http://192.168.1.10:2005/image/1613321637340-image.png \"]', 14, 3, '2021-02-14 23:53:57');

-- --------------------------------------------------------

--
-- Table structure for table `product_colors`
--

CREATE TABLE `product_colors` (
  `id` int NOT NULL,
  `product_id` int NOT NULL,
  `color_id` int NOT NULL
) ENGINE=InnoDB DEFAULT CHARSET=latin1;

--
-- Dumping data for table `product_colors`
--

INSERT INTO `product_colors` (`id`, `product_id`, `color_id`) VALUES
(1, 31, 1),
(2, 31, 2),
(4, 37, 1),
(5, 38, 1),
(6, 39, 1),
(7, 39, 2),
(8, 44, 1),
(9, 44, 2),
(10, 46, 1),
(11, 46, 2),
(12, 50, 1),
(13, 50, 2),
(14, 68, 1),
(15, 68, 2),
(16, 70, 1),
(17, 70, 2),
(18, 71, 1),
(19, 71, 2),
(20, 72, 1),
(21, 72, 2),
(22, 73, 1),
(23, 73, 2),
(24, 74, 2),
(25, 74, 3),
(26, 75, 2),
(27, 75, 3),
(28, 76, 2),
(29, 76, 3),
(30, 77, 2),
(31, 77, 3),
(32, 78, 1),
(33, 78, 2),
(37, 80, 1),
(38, 80, 2),
(39, 80, 4),
(40, 81, 1),
(41, 81, 2),
(42, 81, 3),
(46, 82, 2),
(47, 82, 3),
(48, 82, 4),
(111, 79, 1),
(112, 79, 2),
(113, 79, 3);

-- --------------------------------------------------------

--
-- Table structure for table `product_sizes`
--

CREATE TABLE `product_sizes` (
  `id` int NOT NULL,
  `product_id` int NOT NULL,
  `size_id` int NOT NULL
) ENGINE=InnoDB DEFAULT CHARSET=latin1;

--
-- Dumping data for table `product_sizes`
--

INSERT INTO `product_sizes` (`id`, `product_id`, `size_id`) VALUES
(1, 31, 3),
(2, 31, 4),
(4, 37, 4),
(5, 39, 1),
(6, 39, 2),
(7, 38, 2),
(8, 44, 1),
(9, 44, 2),
(10, 46, 1),
(11, 46, 2),
(12, 50, 1),
(13, 50, 2),
(14, 68, 2),
(15, 68, 3),
(16, 68, 4),
(17, 68, 5),
(18, 70, 6),
(19, 70, 7),
(20, 71, 1),
(21, 71, 4),
(22, 71, 5),
(23, 72, 5),
(24, 72, 6),
(25, 73, 1),
(26, 73, 2),
(27, 74, 11),
(28, 74, 12),
(29, 75, 5),
(30, 75, 3),
(31, 75, 4),
(32, 76, 5),
(33, 76, 3),
(34, 76, 4),
(35, 77, 5),
(36, 77, 3),
(37, 77, 4),
(38, 78, 2),
(39, 78, 3),
(43, 80, 10),
(44, 80, 11),
(45, 80, 12),
(46, 81, 1),
(47, 81, 2),
(48, 81, 3),
(52, 82, 10),
(53, 82, 11),
(54, 82, 12),
(118, 79, 2),
(119, 79, 3),
(120, 79, 4);

-- --------------------------------------------------------

--
-- Table structure for table `ratings`
--

CREATE TABLE `ratings` (
  `id` int NOT NULL,
  `product_id` int NOT NULL,
  `rating` int NOT NULL
) ENGINE=InnoDB DEFAULT CHARSET=utf8mb4 COLLATE=utf8mb4_general_ci;

--
-- Dumping data for table `ratings`
--

INSERT INTO `ratings` (`id`, `product_id`, `rating`) VALUES
(78, 74, 5),
(79, 76, 5),
(80, 79, 3),
(81, 80, 4),
(82, 81, 4);

-- --------------------------------------------------------

--
-- Table structure for table `reviews`
--

CREATE TABLE `reviews` (
  `id` int NOT NULL,
  `product_id` int NOT NULL,
  `user_id` int NOT NULL,
  `review` mediumtext NOT NULL
) ENGINE=InnoDB DEFAULT CHARSET=latin1;

--
-- Dumping data for table `reviews`
--

INSERT INTO `reviews` (`id`, `product_id`, `user_id`, `review`) VALUES
(1, 30, 8, 'Barangnya bagus,, sesuai pesanan'),
(2, 30, 4, 'Barangnya keren, sesuai pesanan'),
(3, 34, 9, 'Barangnya keren, sesuai pesanan'),
(4, 32, 9, 'Barangnya keren, sesuai pesanan'),
(5, 31, 9, 'Barangnya keren, sesuai pesanan'),
(6, 35, 9, 'Barangnya keren, sesuai pesanan'),
(7, 72, 9, 'Barangnya keren, sesuai pesanan'),
(8, 71, 9, 'Barangnya keren, sesuai pesanan');

-- --------------------------------------------------------

--
-- Table structure for table `seller_detail`
--

CREATE TABLE `seller_detail` (
  `id` int NOT NULL,
  `store_name` varchar(255) NOT NULL,
  `email` varchar(255) NOT NULL,
  `phone` int NOT NULL,
  `store_desc` varchar(255) NOT NULL,
  `user_id` int NOT NULL
) ENGINE=InnoDB DEFAULT CHARSET=latin1;

-- --------------------------------------------------------

--
-- Table structure for table `size`
--

CREATE TABLE `size` (
  `id` int NOT NULL,
  `size` varchar(10) CHARACTER SET latin1 NOT NULL
) ENGINE=InnoDB DEFAULT CHARSET=utf8mb4 COLLATE=utf8mb4_general_ci;

--
-- Dumping data for table `size`
--

INSERT INTO `size` (`id`, `size`) VALUES
(1, 'XS'),
(2, 'S'),
(3, 'M'),
(4, 'L'),
(5, 'XL'),
(6, 'XXL'),
(7, 'XXXL'),
(8, '28'),
(9, '29'),
(10, '30'),
(11, '31'),
(12, '32');

-- --------------------------------------------------------

--
-- Table structure for table `status_history`
--

CREATE TABLE `status_history` (
  `id` int NOT NULL,
  `name` varchar(255) NOT NULL
) ENGINE=InnoDB DEFAULT CHARSET=latin1;

--
-- Dumping data for table `status_history`
--

INSERT INTO `status_history` (`id`, `name`) VALUES
(1, 'On Process'),
(2, 'Delivery'),
(3, 'Finish');

-- --------------------------------------------------------

--
-- Table structure for table `status_product`
--

CREATE TABLE `status_product` (
  `id` int NOT NULL,
  `name` varchar(255) NOT NULL
) ENGINE=InnoDB DEFAULT CHARSET=latin1;

--
-- Dumping data for table `status_product`
--

INSERT INTO `status_product` (`id`, `name`) VALUES
(1, 'sold out'),
(2, 'archived'),
(3, 'ready');

-- --------------------------------------------------------

--
-- Table structure for table `token_whitelist`
--

CREATE TABLE `token_whitelist` (
  `id` int NOT NULL,
  `token` varchar(255) NOT NULL
) ENGINE=InnoDB DEFAULT CHARSET=latin1;

--
-- Dumping data for table `token_whitelist`
--

INSERT INTO `token_whitelist` (`id`, `token`) VALUES
(1, 'eyJhbGciOiJIUzI1NiIsInR5cCI6IkpXVCJ9.eyJsZXZlbF9pZCI6MSwiaWQiOjksImVtYWlsIjoidGhpbmtwYWRAZ21haWwuY29tIiwiaWF0IjoxNjExNjAxOTQ3fQ.QkIwr7zWNA4ppjDPuSHBBsWNTv5Fq1M1u1jDpPheE_k'),
(3, 'eyJhbGciOiJIUzI1NiIsInR5cCI6IkpXVCJ9.eyJsZXZlbF9pZCI6MiwiaWQiOjcsImVtYWlsIjoicGVuanVhbEBnbWFpbC5jb20iLCJpYXQiOjE2MTE2MDM4NjZ9.XyDvxcj41llps3x83HEl9SleRQZER2XaufgmVwVB4FM'),
(4, 'eyJhbGciOiJIUzI1NiIsInR5cCI6IkpXVCJ9.eyJsZXZlbF9pZCI6MSwiaWQiOjksImVtYWlsIjoidGhpbmtwYWRAZ21haWwuY29tIiwiaWF0IjoxNjExNjA1OTY4fQ.uV_6rS8N1sFTYfg8_mGpTl01v0D4eX9M6BqZSXkt4LY'),
(5, 'eyJhbGciOiJIUzI1NiIsInR5cCI6IkpXVCJ9.eyJsZXZlbF9pZCI6MSwiaWQiOjgsImVtYWlsIjoidXNlcmJhcnVAZ21haWwuY29tIiwiaWF0IjoxNjExNjA5ODM3fQ.3q6kl9pNfMPgRA_SAdB3wTT_kTsasHPYybfl_5yXUCw'),
(6, 'eyJhbGciOiJIUzI1NiIsInR5cCI6IkpXVCJ9.eyJsZXZlbF9pZCI6MSwiaWQiOjQsImVtYWlsIjoiZGhpeW9kZXY3QGdtYWlsLmNvbSIsImlhdCI6MTYxMTYwOTg3Mn0.7QUKcPJEDWxAJs7L3AnB_EdPuhrxQpE0P-PuCp_-gLE'),
(7, 'eyJhbGciOiJIUzI1NiIsInR5cCI6IkpXVCJ9.eyJsZXZlbF9pZCI6MSwiaWQiOjgsImVtYWlsIjoidXNlcmJhcnVAZ21haWwuY29tIiwiaWF0IjoxNjExNzEzNDIzfQ.QfXA7rdT-sLW3KKwNTkKW6pBwmIPu9rv5ujE1k1ectk'),
(9, 'eyJhbGciOiJIUzI1NiIsInR5cCI6IkpXVCJ9.eyJsZXZlbF9pZCI6MSwiaWQiOjgsImVtYWlsIjoidXNlcmJhcnVAZ21haWwuY29tIiwiaWF0IjoxNjExNzE5NzA3fQ.iUw9SHyaFNeQiZ9rVdQ-nPPkOzzHgQsnO4eG6hin_6k'),
(18, 'eyJhbGciOiJIUzI1NiIsInR5cCI6IkpXVCJ9.eyJsZXZlbF9pZCI6MiwiaWQiOjYsImVtYWlsIjoic2VsbGVyQGdtYWlsLmNvbSIsImlhdCI6MTYxMTc3MjQ3M30.-7yor0w2ZE7gRlXsbtU_4iTLTLhqHp0V12NHS_psNwQ'),
(21, 'eyJhbGciOiJIUzI1NiIsInR5cCI6IkpXVCJ9.eyJsZXZlbF9pZCI6MSwiaWQiOjgsImVtYWlsIjoidXNlcmJhcnVAZ21haWwuY29tIiwiaWF0IjoxNjExNzg3MTgzfQ.1tkWYzAevCs2IwIj09uuInznpqToLTGPg9G3nc84XQg'),
(23, 'eyJhbGciOiJIUzI1NiIsInR5cCI6IkpXVCJ9.eyJsZXZlbF9pZCI6MSwiaWQiOjgsImVtYWlsIjoidXNlcmJhcnVAZ21haWwuY29tIiwiaWF0IjoxNjExNzk5MjA5fQ.EYUJKvs-KMeK2EkJzzq2y6wgCZPNqirBNDYJdkZvkW0'),
(24, 'eyJhbGciOiJIUzI1NiIsInR5cCI6IkpXVCJ9.eyJsZXZlbF9pZCI6MSwiaWQiOjgsImVtYWlsIjoidXNlcmJhcnVAZ21haWwuY29tIiwiaWF0IjoxNjExNzk5NTg2fQ.FoIW8qp_Ye9Id4Uj4BETJzocfaUK47mioVwt-jgpnOA'),
(26, 'eyJhbGciOiJIUzI1NiIsInR5cCI6IkpXVCJ9.eyJsZXZlbF9pZCI6MiwiaWQiOjcsImVtYWlsIjoicGVuanVhbEBnbWFpbC5jb20iLCJpYXQiOjE2MTE4MDA1NDh9.V1JnlT3ZR9BYVUeJFUCd8jsSiAyS74XtcyI9lYYQAFE'),
(27, 'eyJhbGciOiJIUzI1NiIsInR5cCI6IkpXVCJ9.eyJsZXZlbF9pZCI6MiwiaWQiOjExLCJlbWFpbCI6ImFya2FkZW15QGdtYWlsLmNvbSIsImlhdCI6MTYxMTgxMzY0NX0.TBXW1hA23afqxO9EXGZHYAbEyuaq5ejwiKSKleZaFrY'),
(32, 'eyJhbGciOiJIUzI1NiIsInR5cCI6IkpXVCJ9.eyJsZXZlbF9pZCI6MiwiaWQiOjcsImVtYWlsIjoicGVuanVhbEBnbWFpbC5jb20iLCJpYXQiOjE2MTE4MTczMjJ9.MCLmeduww2iPHx8OGdGExA1nBzZ0FmLPvebvH-BzA8U'),
(45, 'eyJhbGciOiJIUzI1NiIsInR5cCI6IkpXVCJ9.eyJsZXZlbF9pZCI6MSwiaWQiOjQsImVtYWlsIjoiZGhpeW9kZXY3QGdtYWlsLmNvbSIsImlhdCI6MTYxMTg5OTY2NH0.RaER1uxrr8GAl7ECJUkVMzPIfuw_no47QpylFWrb5s4'),
(46, 'eyJhbGciOiJIUzI1NiIsInR5cCI6IkpXVCJ9.eyJsZXZlbF9pZCI6MiwiaWQiOjcsImVtYWlsIjoicGVuanVhbEBnbWFpbC5jb20iLCJpYXQiOjE2MTE5MzEwMjZ9.8bJsT09KRvDTv2jb7IUFpA0NFw85-ch9aWNEYoGh2Z8'),
(47, 'eyJhbGciOiJIUzI1NiIsInR5cCI6IkpXVCJ9.eyJsZXZlbF9pZCI6MSwiaWQiOjEzLCJlbWFpbCI6InNob2hpYjA1MTJAZ21haWwuY29tIiwiaWF0IjoxNjEyNjMyODM0fQ.bqAeNk_1QXGbNFNXEdTXgr04NNzNbM_xs2MDJVZkVTs'),
(48, 'eyJhbGciOiJIUzI1NiIsInR5cCI6IkpXVCJ9.eyJsZXZlbF9pZCI6MSwiaWQiOjEzLCJlbWFpbCI6InNob2hpYjA1MTJAZ21haWwuY29tIiwiaWF0IjoxNjEyNjMyOTUyfQ.lTZG_DDok8oSvxRcdqsBXJuwFeCkZDSuWo8MA4lEQJM'),
(49, 'eyJhbGciOiJIUzI1NiIsInR5cCI6IkpXVCJ9.eyJsZXZlbF9pZCI6MSwiaWQiOjEzLCJlbWFpbCI6InNob2hpYjA1MTJAZ21haWwuY29tIiwiaWF0IjoxNjEyNjMzMjYyfQ.gD_U6A7dNfzFurRqNmKJHhFNbtP-_UtDfKige8E4GuY'),
(50, 'eyJhbGciOiJIUzI1NiIsInR5cCI6IkpXVCJ9.eyJsZXZlbF9pZCI6MSwiaWQiOjEzLCJlbWFpbCI6InNob2hpYjA1MTJAZ21haWwuY29tIiwiaWF0IjoxNjEyNjMzMzYyfQ.3MhtIDNReFq8U6LG9sjnODlTk3VO9ritZnnX3pqGVY0'),
(51, 'eyJhbGciOiJIUzI1NiIsInR5cCI6IkpXVCJ9.eyJsZXZlbF9pZCI6MSwiaWQiOjEzLCJlbWFpbCI6InNob2hpYjA1MTJAZ21haWwuY29tIiwiaWF0IjoxNjEyNjM0MTU0fQ.me278RNLP58m_MsJ9vJrXnojeoInIkmETCF9nR3xkkY'),
(52, 'eyJhbGciOiJIUzI1NiIsInR5cCI6IkpXVCJ9.eyJsZXZlbF9pZCI6MSwiaWQiOjEzLCJlbWFpbCI6InNob2hpYjA1MTJAZ21haWwuY29tIiwiaWF0IjoxNjEyNjM0MzM2fQ.o5BuIw_OuX7cg4292x0HaWgkQTY5rpk9gsNa2jmnfVs'),
(53, 'eyJhbGciOiJIUzI1NiIsInR5cCI6IkpXVCJ9.eyJsZXZlbF9pZCI6MSwiaWQiOjEzLCJlbWFpbCI6InNob2hpYjA1MTJAZ21haWwuY29tIiwiaWF0IjoxNjEyNjM0NzEzfQ.OBgVX0IELBxq-nKw6ucHLn_ma68VC7HHsF8CJ_6nlsU'),
(54, 'eyJhbGciOiJIUzI1NiIsInR5cCI6IkpXVCJ9.eyJsZXZlbF9pZCI6MSwiaWQiOjEzLCJlbWFpbCI6InNob2hpYjA1MTJAZ21haWwuY29tIiwiaWF0IjoxNjEyNjM2MDQ5fQ.8L-uEOlzxSUdUYpnU2LO0IgjQyMw5goeB2YjXcOEHO0'),
(55, 'eyJhbGciOiJIUzI1NiIsInR5cCI6IkpXVCJ9.eyJsZXZlbF9pZCI6MSwiaWQiOjEzLCJlbWFpbCI6InNob2hpYjA1MTJAZ21haWwuY29tIiwiaWF0IjoxNjEyNjM2MDg2fQ._R3ZrMxpeNkNAxouEYbq4YrykHtsewT-mcuzOqeObrU'),
(56, 'eyJhbGciOiJIUzI1NiIsInR5cCI6IkpXVCJ9.eyJsZXZlbF9pZCI6MSwiaWQiOjEzLCJlbWFpbCI6InNob2hpYjA1MTJAZ21haWwuY29tIiwiaWF0IjoxNjEyNjM2NTU4fQ.qlOI66UxpIURTzR45WyJFDdNuryMqucoF-e-cxIKX5U'),
(57, 'eyJhbGciOiJIUzI1NiIsInR5cCI6IkpXVCJ9.eyJsZXZlbF9pZCI6MSwiaWQiOjEzLCJlbWFpbCI6InNob2hpYjA1MTJAZ21haWwuY29tIiwiaWF0IjoxNjEyNjM2ODY3fQ.hv1noryer7HEte3e4ImO7GPgxDAGxnAKzwcGtw4qEwo'),
(58, 'eyJhbGciOiJIUzI1NiIsInR5cCI6IkpXVCJ9.eyJsZXZlbF9pZCI6MSwiaWQiOjEzLCJlbWFpbCI6InNob2hpYjA1MTJAZ21haWwuY29tIiwiaWF0IjoxNjEyNjM4MTk3fQ.dis9HVDUhDyP_5BQG6SaQ-DFm-oJxLFuGAFJqhnqQHw'),
(59, 'eyJhbGciOiJIUzI1NiIsInR5cCI6IkpXVCJ9.eyJsZXZlbF9pZCI6MSwiaWQiOjEzLCJlbWFpbCI6InNob2hpYjA1MTJAZ21haWwuY29tIiwiaWF0IjoxNjEyNjM4MzUyfQ.9tnUCF9Nxjk1V7acqH0Qsr71GQBO85XaD7z4voI4WnQ'),
(60, 'eyJhbGciOiJIUzI1NiIsInR5cCI6IkpXVCJ9.eyJsZXZlbF9pZCI6MSwiaWQiOjEzLCJlbWFpbCI6InNob2hpYjA1MTJAZ21haWwuY29tIiwiaWF0IjoxNjEyNjM4MzY5fQ.P5424QLrResm1pSKRkgYth7fHed6l63YRIowkHcogZ0'),
(61, 'eyJhbGciOiJIUzI1NiIsInR5cCI6IkpXVCJ9.eyJsZXZlbF9pZCI6MSwiaWQiOjEzLCJlbWFpbCI6InNob2hpYjA1MTJAZ21haWwuY29tIiwiaWF0IjoxNjEyNjM4NDMwfQ.iphL515epInA0Jw_v8nF8nQFhOb9-HHGAMsp1P4CFwU'),
(62, 'eyJhbGciOiJIUzI1NiIsInR5cCI6IkpXVCJ9.eyJsZXZlbF9pZCI6MSwiaWQiOjEzLCJlbWFpbCI6InNob2hpYjA1MTJAZ21haWwuY29tIiwiaWF0IjoxNjEyNjM4NTEyfQ.SS-mrMXOo4Wdfy5dXrT-xwDp33yQA0hNhcs-5pkydh4'),
(63, 'eyJhbGciOiJIUzI1NiIsInR5cCI6IkpXVCJ9.eyJsZXZlbF9pZCI6MSwiaWQiOjEzLCJlbWFpbCI6InNob2hpYjA1MTJAZ21haWwuY29tIiwiaWF0IjoxNjEyNjM4ODg2fQ.hk-6d5dt34sf_twPKENky4bGld_K_ULDHeoYXh_1MH0'),
(64, 'eyJhbGciOiJIUzI1NiIsInR5cCI6IkpXVCJ9.eyJsZXZlbF9pZCI6MSwiaWQiOjEzLCJlbWFpbCI6InNob2hpYjA1MTJAZ21haWwuY29tIiwiaWF0IjoxNjEyNjM5MTQ5fQ.MmZJqmaKpiyaRbt2ifdIi7E89on3pg3nL5YkUB4slGM'),
(65, 'eyJhbGciOiJIUzI1NiIsInR5cCI6IkpXVCJ9.eyJsZXZlbF9pZCI6MSwiaWQiOjEzLCJlbWFpbCI6InNob2hpYjA1MTJAZ21haWwuY29tIiwiaWF0IjoxNjEyNjM5MjYxfQ.f9r9pjvxrZzSTPEAQkuEGVAu6cSwFFnJ3SDdCPG23gE'),
(66, 'eyJhbGciOiJIUzI1NiIsInR5cCI6IkpXVCJ9.eyJsZXZlbF9pZCI6MSwiaWQiOjEzLCJlbWFpbCI6InNob2hpYjA1MTJAZ21haWwuY29tIiwiaWF0IjoxNjEyNjQxNTU3fQ.DYxbmynxbBzPWkR4lW8_yvqSuW2Z_HZZJdSukSWO4pA'),
(67, 'eyJhbGciOiJIUzI1NiIsInR5cCI6IkpXVCJ9.eyJsZXZlbF9pZCI6MSwiaWQiOjEzLCJlbWFpbCI6InNob2hpYjA1MTJAZ21haWwuY29tIiwiaWF0IjoxNjEyNjQxNjE0fQ.qMiLsl1qgnJMz3tgOVO3VuJVUZj35gZ8Q5cYZXs-z34'),
(68, 'eyJhbGciOiJIUzI1NiIsInR5cCI6IkpXVCJ9.eyJsZXZlbF9pZCI6MSwiaWQiOjEzLCJlbWFpbCI6InNob2hpYjA1MTJAZ21haWwuY29tIiwiaWF0IjoxNjEyNjQxNjM3fQ.xxl9pQjlVU9KC8tBEHJ-4aqBiBQGjNq_46kJrDukI6s'),
(69, 'eyJhbGciOiJIUzI1NiIsInR5cCI6IkpXVCJ9.eyJsZXZlbF9pZCI6MSwiaWQiOjEzLCJlbWFpbCI6InNob2hpYjA1MTJAZ21haWwuY29tIiwiaWF0IjoxNjEyNjQxNjYyfQ.eDTdzIInucPXuxeAJAL_IJKt0jX--Cu76PIAA04l-HE'),
(70, 'eyJhbGciOiJIUzI1NiIsInR5cCI6IkpXVCJ9.eyJsZXZlbF9pZCI6MSwiaWQiOjEzLCJlbWFpbCI6InNob2hpYjA1MTJAZ21haWwuY29tIiwiaWF0IjoxNjEyNjQxNjkyfQ.az5rW0vEC0kwp35Xlkz6_U68cybIrpPlqz_97uyS0oQ'),
(71, 'eyJhbGciOiJIUzI1NiIsInR5cCI6IkpXVCJ9.eyJsZXZlbF9pZCI6MSwiaWQiOjEzLCJlbWFpbCI6InNob2hpYjA1MTJAZ21haWwuY29tIiwiaWF0IjoxNjEyNjQxNzk1fQ.Fp4yAg1YOMJbNGxiUVCRLxFNLhNtr_2pKN7yYbpBypw'),
(72, 'eyJhbGciOiJIUzI1NiIsInR5cCI6IkpXVCJ9.eyJsZXZlbF9pZCI6MSwiaWQiOjEzLCJlbWFpbCI6InNob2hpYjA1MTJAZ21haWwuY29tIiwiaWF0IjoxNjEyNjQxOTIzfQ.B8yWgodtabWQP8R25hcDP7l6Yu6whekvp6IodHmiyfo'),
(73, 'eyJhbGciOiJIUzI1NiIsInR5cCI6IkpXVCJ9.eyJsZXZlbF9pZCI6MSwiaWQiOjEzLCJlbWFpbCI6InNob2hpYjA1MTJAZ21haWwuY29tIiwiaWF0IjoxNjEyNjQxOTQ4fQ.m12qSSyGVHdq6ZQRA8lTLhLXEwGQp--EXBsKzjWHMyc'),
(74, 'eyJhbGciOiJIUzI1NiIsInR5cCI6IkpXVCJ9.eyJsZXZlbF9pZCI6MSwiaWQiOjEzLCJlbWFpbCI6InNob2hpYjA1MTJAZ21haWwuY29tIiwiaWF0IjoxNjEyNjY1MTI5fQ.0miWZFKC9kguPnth4__BdDH0JBmnOut5tsT1r5RwzY0'),
(75, 'eyJhbGciOiJIUzI1NiIsInR5cCI6IkpXVCJ9.eyJsZXZlbF9pZCI6MSwiaWQiOjEzLCJlbWFpbCI6InNob2hpYjA1MTJAZ21haWwuY29tIiwiaWF0IjoxNjEyNjY1MzczfQ.061qgkozbYHWqdYMpXkhSze8k_1abgGE0te55y10DnE'),
(76, 'eyJhbGciOiJIUzI1NiIsInR5cCI6IkpXVCJ9.eyJsZXZlbF9pZCI6MSwiaWQiOjEzLCJlbWFpbCI6InNob2hpYjA1MTJAZ21haWwuY29tIiwiaWF0IjoxNjEyNjY1OTI3fQ.x2I_jcW_CmQ3has6mlj0xzXaJ9iC360Fv1VOFBToWZI'),
(77, 'eyJhbGciOiJIUzI1NiIsInR5cCI6IkpXVCJ9.eyJsZXZlbF9pZCI6MSwiaWQiOjEzLCJlbWFpbCI6InNob2hpYjA1MTJAZ21haWwuY29tIiwiaWF0IjoxNjEyNjY2MDE3fQ.TRrV5UsBZT13QTL7D5yUyavwdvbFPqn33Je4o0s4DxM'),
(78, 'eyJhbGciOiJIUzI1NiIsInR5cCI6IkpXVCJ9.eyJsZXZlbF9pZCI6MSwiaWQiOjEzLCJlbWFpbCI6InNob2hpYjA1MTJAZ21haWwuY29tIiwiaWF0IjoxNjEyNjY2MTU2fQ.rX0PYoIGd5BTZQ3t3bfzLy2ynLhkJxaHCgZBAFYMFjY'),
(79, 'eyJhbGciOiJIUzI1NiIsInR5cCI6IkpXVCJ9.eyJsZXZlbF9pZCI6MSwiaWQiOjEzLCJlbWFpbCI6InNob2hpYjA1MTJAZ21haWwuY29tIiwiaWF0IjoxNjEyNjY2MjI0fQ.OWG07OrOohVsivEnk0NKctm0lAXQlNjvyiTvExsSquI'),
(80, 'eyJhbGciOiJIUzI1NiIsInR5cCI6IkpXVCJ9.eyJsZXZlbF9pZCI6MSwiaWQiOjEzLCJlbWFpbCI6InNob2hpYjA1MTJAZ21haWwuY29tIiwiaWF0IjoxNjEyNjY2NTI5fQ.FcpbV1yFbQvglPGhEmKw3SEebEv5JqtjGNIJjgcV92g'),
(81, 'eyJhbGciOiJIUzI1NiIsInR5cCI6IkpXVCJ9.eyJsZXZlbF9pZCI6MSwiaWQiOjEzLCJlbWFpbCI6InNob2hpYjA1MTJAZ21haWwuY29tIiwiaWF0IjoxNjEyNjY3MDE2fQ.f9kuHYgF1xetc64eXXXnvyYi0pos4XtnPz7o-OhmIgQ'),
(82, 'eyJhbGciOiJIUzI1NiIsInR5cCI6IkpXVCJ9.eyJsZXZlbF9pZCI6MSwiaWQiOjEzLCJlbWFpbCI6InNob2hpYjA1MTJAZ21haWwuY29tIiwiaWF0IjoxNjEyNjY3MDg4fQ.jQYalG68owcysIPws32Scv5bzYZlEXVZ1zaujhO1rhE'),
(83, 'eyJhbGciOiJIUzI1NiIsInR5cCI6IkpXVCJ9.eyJsZXZlbF9pZCI6MSwiaWQiOjEzLCJlbWFpbCI6InNob2hpYjA1MTJAZ21haWwuY29tIiwiaWF0IjoxNjEyNjY3MTczfQ.KPKfpGubMWnLMIXrv4npVdPf4zEIf1P-uCB0WqSOBl4'),
(84, 'eyJhbGciOiJIUzI1NiIsInR5cCI6IkpXVCJ9.eyJsZXZlbF9pZCI6MSwiaWQiOjEzLCJlbWFpbCI6InNob2hpYjA1MTJAZ21haWwuY29tIiwiaWF0IjoxNjEyNjY3MjM0fQ.KkQk3nZEI9eB58IPKehsYU0Kxj7n7hFparx2WKrypPo'),
(85, 'eyJhbGciOiJIUzI1NiIsInR5cCI6IkpXVCJ9.eyJsZXZlbF9pZCI6MSwiaWQiOjEzLCJlbWFpbCI6InNob2hpYjA1MTJAZ21haWwuY29tIiwiaWF0IjoxNjEyNjY4MjQwfQ.oqqcgUa-eoy9QWQ0FNBdc6eW15a3rercqZVUVrLAzLU'),
(86, 'eyJhbGciOiJIUzI1NiIsInR5cCI6IkpXVCJ9.eyJsZXZlbF9pZCI6MSwiaWQiOjEzLCJlbWFpbCI6InNob2hpYjA1MTJAZ21haWwuY29tIiwiaWF0IjoxNjEyNjY4Mjk0fQ.AA_U6uR6-2ditaPejgp0QmrjA-iMTMMkxkC0p16znRo'),
(87, 'eyJhbGciOiJIUzI1NiIsInR5cCI6IkpXVCJ9.eyJsZXZlbF9pZCI6MSwiaWQiOjEzLCJlbWFpbCI6InNob2hpYjA1MTJAZ21haWwuY29tIiwiaWF0IjoxNjEyNjcxNjU0fQ.xKMzeyzJuEl1SzhqhiL_HD-Enb8diLiinWToXkzfD2U'),
(88, 'eyJhbGciOiJIUzI1NiIsInR5cCI6IkpXVCJ9.eyJsZXZlbF9pZCI6MSwiaWQiOjEzLCJlbWFpbCI6InNob2hpYjA1MTJAZ21haWwuY29tIiwiaWF0IjoxNjEyNjcxNzEyfQ.08_gOrJpKarnsbR7tJ61mxh4sM1yaIOkmoSeVNZOxno'),
(89, 'eyJhbGciOiJIUzI1NiIsInR5cCI6IkpXVCJ9.eyJsZXZlbF9pZCI6MSwiaWQiOjEzLCJlbWFpbCI6InNob2hpYjA1MTJAZ21haWwuY29tIiwiaWF0IjoxNjEyNjcyNjI2fQ.14lQbV8ryaCTla-y7UCftzVN4yfDfO17WIJz5LGGu0c'),
(90, 'eyJhbGciOiJIUzI1NiIsInR5cCI6IkpXVCJ9.eyJsZXZlbF9pZCI6MSwiaWQiOjEzLCJlbWFpbCI6InNob2hpYjA1MTJAZ21haWwuY29tIiwiaWF0IjoxNjEyNjczOTkxfQ.1K8uIrENtWlSJJgi58O6yYXfu12WkNVEKQCO34_8lrU'),
(91, 'eyJhbGciOiJIUzI1NiIsInR5cCI6IkpXVCJ9.eyJsZXZlbF9pZCI6MSwiaWQiOjEzLCJlbWFpbCI6InNob2hpYjA1MTJAZ21haWwuY29tIiwiaWF0IjoxNjEyNjc3NzkyfQ.maNl4YE0sW5MVz4JFDdVEeg1jjYkDXyAPkTgJft0Z9M'),
(92, 'eyJhbGciOiJIUzI1NiIsInR5cCI6IkpXVCJ9.eyJsZXZlbF9pZCI6MSwiaWQiOjEzLCJlbWFpbCI6InNob2hpYjA1MTJAZ21haWwuY29tIiwiaWF0IjoxNjEyNjc4NTIzfQ.m6H7Bil9ar7jbL4ZekVTdXJvAmZyD8J5xAbaWnw2z-E'),
(93, 'eyJhbGciOiJIUzI1NiIsInR5cCI6IkpXVCJ9.eyJsZXZlbF9pZCI6MSwiaWQiOjEzLCJlbWFpbCI6InNob2hpYjA1MTJAZ21haWwuY29tIiwiaWF0IjoxNjEyNjc4OTA1fQ.-luK0DWSOneq206DEb5WFscNMZpfrhxPMxcWMp6nrDI'),
(115, 'eyJhbGciOiJIUzI1NiIsInR5cCI6IkpXVCJ9.eyJsZXZlbF9pZCI6MiwiaWQiOjE0LCJlbWFpbCI6InNob2hpYjA1QGdtYWlsLmNvbSIsImlhdCI6MTYxMjc3NDA3NX0.0lmHwq71tuKnPLAUdFSH81h-XgQf9Z4QVNeGDEyoe8U'),
(116, 'eyJhbGciOiJIUzI1NiIsInR5cCI6IkpXVCJ9.eyJsZXZlbF9pZCI6MSwiaWQiOjEzLCJlbWFpbCI6InNob2hpYjA1MTJAZ21haWwuY29tIiwiaWF0IjoxNjEyNzkyNzI2fQ.xyElB2krAwEAf-g6-GQjlvLy_2ETsWfh4M0wlpZlFFA'),
(135, 'eyJhbGciOiJIUzI1NiIsInR5cCI6IkpXVCJ9.eyJsZXZlbF9pZCI6MSwiaWQiOjEzLCJlbWFpbCI6InNob2hpYjA1MTJAZ21haWwuY29tIiwiaWF0IjoxNjEyODgwOTg3fQ.pJPvbkhnDQEXoso5CRz9luTu8-GhkrnO7adIngXJv2s'),
(136, 'eyJhbGciOiJIUzI1NiIsInR5cCI6IkpXVCJ9.eyJsZXZlbF9pZCI6MSwiaWQiOjEzLCJlbWFpbCI6InNob2hpYjA1MTJAZ21haWwuY29tIiwiaWF0IjoxNjEyODg3Njk3fQ.pRnTRfW9DH9bnYF4BF-g65yWHCoT0gpRcV3Lre0EtyY'),
(137, 'eyJhbGciOiJIUzI1NiIsInR5cCI6IkpXVCJ9.eyJsZXZlbF9pZCI6MSwiaWQiOjEzLCJlbWFpbCI6InNob2hpYjA1MTJAZ21haWwuY29tIiwiaWF0IjoxNjEyODkwOTgxfQ.Acay06Xbw8JnY8_1N_VMWYQNQ6wfRUv8jTAy-LZC8Zc'),
(139, 'eyJhbGciOiJIUzI1NiIsInR5cCI6IkpXVCJ9.eyJsZXZlbF9pZCI6MSwiaWQiOjEzLCJlbWFpbCI6InNob2hpYjA1MTJAZ21haWwuY29tIiwiaWF0IjoxNjEyOTMwOTg2fQ.cetxnKP683Gll9ywtHfE8JJAbPV05Yx8PNp8jg8KjDY'),
(161, 'eyJhbGciOiJIUzI1NiIsInR5cCI6IkpXVCJ9.eyJsZXZlbF9pZCI6MSwiaWQiOjEzLCJlbWFpbCI6InNob2hpYjA1MTJAZ21haWwuY29tIiwiaWF0IjoxNjEzNDA3MzEwfQ.e-tZLleNSobR4FesrUNRwCJ1vp8df6EZL5U7btVPh1E');

-- --------------------------------------------------------

--
-- Table structure for table `users`
--

CREATE TABLE `users` (
  `id` int NOT NULL,
  `username` varchar(255) NOT NULL,
  `full_name` varchar(255) NOT NULL,
  `email` varchar(255) NOT NULL,
  `password` varchar(255) NOT NULL,
  `level_id` int NOT NULL
) ENGINE=InnoDB DEFAULT CHARSET=latin1;

--
-- Dumping data for table `users`
--

INSERT INTO `users` (`id`, `username`, `full_name`, `email`, `password`, `level_id`) VALUES
(13, 'Shhb', 'Muhammad Shohib', 'shohib0512@gmail.com', '$2b$10$APi.dF10FXWvJ7NLarA0fOYi03V7Kv50hBr9F2i2K3pMlgMrKsRdu', 1),
(14, 'Shhb05', 'Muhammad Shohib', 'shohib05@gmail.com', '$2b$10$SCbjYPITlK1SQuaCpK/Sp.sQRGV7fWLsBfM9VI4OnRaMW73bx44Cu', 2),
(15, 'Customer', 'Caklaknay', 'haemahe@gmail.com', '$2b$10$VzPNBRVw2WVIHIeeynBISO6WPjFTKhAup4lVjcCKwY4cVknX8R2ee', 1),
(16, 'gans dong', 'BarZul Shop', 'akbarzul896@gmail.com', '$2b$07$2/WX0Id2dGpYnBwmAZMEIe/WWYohYxbEockfxoR2mRRWl0ITwUtgy', 2),
(17, 'Aquamen', 'Aquarin', 'idung_jesjes@yahoo.com', '$2b$10$nzu9LghycGCP6VjonDA8J.IojsqspeHMNOd2Nk0LKzM7ZcXFVc7uK', 1);

--
-- Indexes for dumped tables
--

--
-- Indexes for table `address_customer`
--
ALTER TABLE `address_customer`
  ADD PRIMARY KEY (`id_address`);

--
-- Indexes for table `categories`
--
ALTER TABLE `categories`
  ADD PRIMARY KEY (`id_categories`);

--
-- Indexes for table `colors`
--
ALTER TABLE `colors`
  ADD PRIMARY KEY (`id`);

--
-- Indexes for table `conditions`
--
ALTER TABLE `conditions`
  ADD PRIMARY KEY (`id`);

--
-- Indexes for table `customer_detail`
--
ALTER TABLE `customer_detail`
  ADD PRIMARY KEY (`id`),
  ADD UNIQUE KEY `email` (`email`);

--
-- Indexes for table `levels`
--
ALTER TABLE `levels`
  ADD PRIMARY KEY (`id`);

--
-- Indexes for table `orders`
--
ALTER TABLE `orders`
  ADD PRIMARY KEY (`id`);

--
-- Indexes for table `otp_reset`
--
ALTER TABLE `otp_reset`
  ADD PRIMARY KEY (`id`);

--
-- Indexes for table `products`
--
ALTER TABLE `products`
  ADD PRIMARY KEY (`id`);

--
-- Indexes for table `product_colors`
--
ALTER TABLE `product_colors`
  ADD PRIMARY KEY (`id`);

--
-- Indexes for table `product_sizes`
--
ALTER TABLE `product_sizes`
  ADD PRIMARY KEY (`id`);

--
-- Indexes for table `ratings`
--
ALTER TABLE `ratings`
  ADD PRIMARY KEY (`id`);

--
-- Indexes for table `reviews`
--
ALTER TABLE `reviews`
  ADD PRIMARY KEY (`id`);

--
-- Indexes for table `seller_detail`
--
ALTER TABLE `seller_detail`
  ADD PRIMARY KEY (`id`),
  ADD UNIQUE KEY `email` (`email`);

--
-- Indexes for table `size`
--
ALTER TABLE `size`
  ADD PRIMARY KEY (`id`);

--
-- Indexes for table `status_history`
--
ALTER TABLE `status_history`
  ADD PRIMARY KEY (`id`);

--
-- Indexes for table `status_product`
--
ALTER TABLE `status_product`
  ADD PRIMARY KEY (`id`);

--
-- Indexes for table `token_whitelist`
--
ALTER TABLE `token_whitelist`
  ADD PRIMARY KEY (`id`);

--
-- Indexes for table `users`
--
ALTER TABLE `users`
  ADD PRIMARY KEY (`id`),
  ADD UNIQUE KEY `email` (`email`);

--
-- AUTO_INCREMENT for dumped tables
--

--
-- AUTO_INCREMENT for table `address_customer`
--
ALTER TABLE `address_customer`
  MODIFY `id_address` int NOT NULL AUTO_INCREMENT, AUTO_INCREMENT=77;

--
-- AUTO_INCREMENT for table `categories`
--
ALTER TABLE `categories`
  MODIFY `id_categories` int NOT NULL AUTO_INCREMENT, AUTO_INCREMENT=15;

--
-- AUTO_INCREMENT for table `colors`
--
ALTER TABLE `colors`
  MODIFY `id` int NOT NULL AUTO_INCREMENT, AUTO_INCREMENT=7;

--
-- AUTO_INCREMENT for table `conditions`
--
ALTER TABLE `conditions`
  MODIFY `id` int NOT NULL AUTO_INCREMENT, AUTO_INCREMENT=3;

--
-- AUTO_INCREMENT for table `customer_detail`
--
ALTER TABLE `customer_detail`
  MODIFY `id` int NOT NULL AUTO_INCREMENT;

--
-- AUTO_INCREMENT for table `levels`
--
ALTER TABLE `levels`
  MODIFY `id` int NOT NULL AUTO_INCREMENT, AUTO_INCREMENT=3;

--
-- AUTO_INCREMENT for table `orders`
--
ALTER TABLE `orders`
  MODIFY `id` int NOT NULL AUTO_INCREMENT, AUTO_INCREMENT=1207;

--
-- AUTO_INCREMENT for table `otp_reset`
--
ALTER TABLE `otp_reset`
  MODIFY `id` int NOT NULL AUTO_INCREMENT, AUTO_INCREMENT=3;

--
-- AUTO_INCREMENT for table `products`
--
ALTER TABLE `products`
  MODIFY `id` int NOT NULL AUTO_INCREMENT, AUTO_INCREMENT=83;

--
-- AUTO_INCREMENT for table `product_colors`
--
ALTER TABLE `product_colors`
  MODIFY `id` int NOT NULL AUTO_INCREMENT, AUTO_INCREMENT=114;

--
-- AUTO_INCREMENT for table `product_sizes`
--
ALTER TABLE `product_sizes`
  MODIFY `id` int NOT NULL AUTO_INCREMENT, AUTO_INCREMENT=121;

--
-- AUTO_INCREMENT for table `ratings`
--
ALTER TABLE `ratings`
  MODIFY `id` int NOT NULL AUTO_INCREMENT, AUTO_INCREMENT=83;

--
-- AUTO_INCREMENT for table `reviews`
--
ALTER TABLE `reviews`
  MODIFY `id` int NOT NULL AUTO_INCREMENT, AUTO_INCREMENT=9;

--
-- AUTO_INCREMENT for table `seller_detail`
--
ALTER TABLE `seller_detail`
  MODIFY `id` int NOT NULL AUTO_INCREMENT;

--
-- AUTO_INCREMENT for table `size`
--
ALTER TABLE `size`
  MODIFY `id` int NOT NULL AUTO_INCREMENT, AUTO_INCREMENT=13;

--
-- AUTO_INCREMENT for table `status_history`
--
ALTER TABLE `status_history`
  MODIFY `id` int NOT NULL AUTO_INCREMENT, AUTO_INCREMENT=4;

--
-- AUTO_INCREMENT for table `status_product`
--
ALTER TABLE `status_product`
  MODIFY `id` int NOT NULL AUTO_INCREMENT, AUTO_INCREMENT=4;

--
-- AUTO_INCREMENT for table `token_whitelist`
--
ALTER TABLE `token_whitelist`
  MODIFY `id` int NOT NULL AUTO_INCREMENT, AUTO_INCREMENT=162;

--
-- AUTO_INCREMENT for table `users`
--
ALTER TABLE `users`
  MODIFY `id` int NOT NULL AUTO_INCREMENT, AUTO_INCREMENT=18;
COMMIT;

/*!40101 SET CHARACTER_SET_CLIENT=@OLD_CHARACTER_SET_CLIENT */;
/*!40101 SET CHARACTER_SET_RESULTS=@OLD_CHARACTER_SET_RESULTS */;
/*!40101 SET COLLATION_CONNECTION=@OLD_COLLATION_CONNECTION */;
